State,Year,Generation (kWh),Useful Thermal Output (MMBtu),Total Fuel Consumption (MMBtu),Fuel Consumption for Electric Generation (MMBtu),Quantity of Fuel Consumed,Tons of CO2 Emissions,Metric Tonnes of CO2 Emissions
AK,2013,4864278243.0,2060708.0,56642145.0,53360690.0,37320289.0,4153725.98,3768235.48
AK,2014,4291935947.0,3813977.0,53259139.0,46972358.0,35050483.0,3921594.1,3557646.79
AK,2015,4503829153.0,3960620.0,53251550.0,46689620.0,33492171.0,4052559.52,3676457.94
AK,2016,4465955881.0,4435104.0,50247520.0,42871402.0,31445535.0,3820915.0,3466309.0
AK,2017,4671257638.0,4601270.0,51395494.0,43782673.0,32283083.0,3892782.0,3531516.0
AK,2018,4385744599.0,4549096.0,48234742.0,40698465.0,28693701.0,3736302.0,3389551.0
AK,2019,4271241062.0,4450218.0,48749683.0,41483338.0,27947337.0,3825467.0,3470440.0
AK,2020,4348350684.0,4750627.0,48731332.0,41018056.0,26586349.0,3812740.0,3458861.0
AK,2021,4740776104.0,4956136.0,50621580.0,42635636.0,29084781.0,3920868.0,3556952.0
AK,2022,4803835592.0,5056724.0,51600732.0,43501372.0,30407812.0,3958942.0,3591503.0
AK,2023,4798364037.0,4764591.0,52130900.0,44364970.0,31103506.0,3973395.0,3604604.0
AK,2024,4805845506.0,4885954.0,52023816.0,44134957.0,30129209.0,4008035.0,3636027.0
AL,2013,93714296884.0,17417574.0,867682443.0,838137651.0,384800826.0,73838697.57,66986026.96
AL,2014,95670461583.0,17897807.0,883840510.0,852412424.0,400599631.0,74553545.35,67634532.67999999
AL,2015,97339094200.0,17630021.0,874339446.0,843175454.0,450798362.0,71034184.34,64441789.28
AL,2016,92107856384.0,31714620.0,810125263.0,762657750.0,463656906.0,63686745.0,57776234.0
AL,2017,84459771845.0,32568566.0,747099018.0,698748814.0,431297178.0,58633646.0,53192095.0
AL,2018,90643642193.0,33048740.0,801533482.0,752075089.0,483681875.0,61882865.0,56139765.0
AL,2019,83872357550.0,31009827.0,740251855.0,694352965.0,472072666.0,56042595.0,50841507.0
AL,2020,76972044774.0,30737355.0,667080035.0,623146078.0,445280634.0,49386084.0,44802357.0
AL,2021,81370699341.0,36077969.0,716541610.0,664310822.0,447155453.0,54685534.0,49609944.0
AL,2022,88202352524.0,30824273.0,770084352.0,725502057.0,504164544.0,57597976.0,52252066.0
AL,2023,81054864081.0,35774853.0,706586032.0,654244084.0,502337954.0,50796289.0,46081675.0
AL,2024,85547353277.0,35980827.0,738956989.0,687338497.0,519332328.0,53480228.0,48516503.0
AR,2013,44090863501.0,12392406.0,433263552.0,413962430.0,123534097.0,41166031.650000006,37345578.9
AR,2014,42876814999.0,11589701.0,423002998.0,404893515.0,103082142.0,41103225.79,37288601.8
AR,2015,36678887477.0,12645820.0,351726220.0,331880910.0,135415357.0,31511664.78,28587194.76
AR,2016,42019257485.0,12376030.0,395234074.0,377608918.0,161300766.0,34971421.0,31725866.0
AR,2017,43652866565.0,12185935.0,407671033.0,390237063.0,154160403.0,36730606.0,33321792.0
AR,2018,50660409813.0,13460939.0,471444713.0,452231677.0,183053806.0,42272601.0,38349453.0
AR,2019,45137812364.0,13301163.0,415031988.0,396086750.0,186726172.0,35840289.0,32514094.0
AR,2020,33777450731.0,11217263.0,309773349.0,293764400.0,154953810.0,25870301.0,23469172.0
AR,2021,42111561092.0,11228619.0,380033260.0,364230802.0,173208807.0,32612719.0,29585793.0
AR,2022,46467842001.0,11351244.0,415793494.0,399730775.0,211251648.0,34505167.0,31302599.0
AR,2023,43383351967.0,11012687.0,386654057.0,371107693.0,212162451.0,31265252.0,28363393.0
AR,2024,40447907487.0,11630421.0,368074316.0,351846672.0,205187060.0,29606067.0,26858207.0
AZ,2013,73219971877.0,268067.0,681346121.0,680631350.0,248230861.0,61003637.11,55342136.51
AZ,2014,69963751387.0,83546.0,656472655.0,656256259.0,230236777.0,59175964.66,53684083.0
AZ,2015,69872389227.0,20769.0,640053211.0,640008317.0,269745742.0,55336739.62,50201160.92
AZ,2016,64637794718.0,804131.0,586507229.0,585454743.0,273851927.0,49086256.0,44530763.0
AZ,2017,61043566071.0,809463.0,564159890.0,563101581.0,242593315.0,48213777.0,43739255.0
AZ,2018,67962644060.0,795517.0,623586908.0,622529777.0,303116016.0,51539881.0,46756674.0
AZ,2019,69366089015.0,868324.0,621320253.0,620150361.0,370929075.0,48018402.0,43562008.0
AZ,2020,64565228381.0,1003836.0,552296634.0,550750467.0,398865753.0,39367856.0,35713962.0
AZ,2021,62397239108.0,870568.0,525467792.0,524272519.0,367848956.0,37781487.0,34274829.0
AZ,2022,58534916514.0,881810.0,499005624.0,497792191.0,348447067.0,36318869.0,32947964.0
AZ,2023,64917624265.0,941103.0,546679710.0,545304015.0,410543508.0,38347696.0,34788488.0
AZ,2024,64934533018.0,941734.0,540839916.0,539415161.0,426802025.0,36836775.0,33417804.0
CA,2013,133159944748.0,99668881.0,1101260414.0,1025500621.0,1002555025.0,63187519.2,57323341.33
CA,2014,133832276498.0,94137671.0,1104469626.0,1036203838.0,1003090470.0,63389486.82,57506565.28
CA,2015,128827275130.0,93721618.0,1070264414.0,1000395758.0,974532474.0,61157030.79,55481294.38
CA,2016,109398544350.0,86882098.0,906378687.0,840661677.0,815302393.0,51816517.0,47007640.0
CA,2017,100631719827.0,97686282.0,861360512.0,778235144.0,775264246.0,48978495.0,44433001.0
CA,2018,102168999988.0,88584792.0,846478021.0,781885408.0,761916058.0,48114516.0,43649192.0
CA,2019,97359834054.0,75141296.0,793933611.0,741241506.0,714703676.0,45055291.0,40873896.0
CA,2020,104057704243.0,72138447.0,842680389.0,796132504.0,760810019.0,47887789.0,43443143.0
CA,2021,109235189101.0,67769715.0,871137569.0,830051975.0,786853183.0,49686334.0,45074747.0
CA,2022,108277483125.0,63383557.0,860324335.0,765750220.0,776097665.0,48995823.0,44448299.0
CA,2023,106137081033.0,61866633.0,841271034.0,748326413.0,759440502.0,47795913.0,43359787.0
CA,2024,97548285658.0,58032798.0,767934359.0,681143617.0,692539700.0,43645341.0,39594436.0
CO,2013,44422433661.0,3569300.0,451578088.0,445175454.0,108880967.0,43416640.53,39387317.85
CO,2014,44508589182.0,3364200.0,445700384.0,439587164.0,115036342.0,42409466.699999996,38473615.75
CO,2015,43191909098.0,3279316.0,433108522.0,427133658.0,110255226.0,41240683.75,37413302.93
CO,2016,42635088936.0,3782454.0,421432872.0,415472798.0,114032322.0,39765104.0,36074666.0
CO,2017,41781707554.0,3805660.0,417475217.0,411625838.0,114691727.0,39373758.0,35719641.0
CO,2018,42792382004.0,3371376.0,421264287.0,416078355.0,141624538.0,38264015.0,34712891.0
CO,2019,42425580672.0,2905665.0,416665130.0,412092257.0,145856255.0,37380815.0,33911653.0
CO,2020,37461110525.0,2594585.0,372869231.0,368710925.0,156782010.0,32045348.0,29071087.0
CO,2021,38189623916.0,3211604.0,382172408.0,377194822.0,135578094.0,34313215.0,31128466.0
CO,2022,37195736318.0,2854973.0,372302268.0,367907009.0,144382614.0,32781761.0,29739147.0
CO,2023,36055311947.0,2696160.0,353294748.0,349084845.0,150201446.0,30401053.0,27579399.0
CO,2024,34446599290.0,2802213.0,336647119.0,332296579.0,156986597.0,28221286.0,25601953.0
CT,2013,18103438735.0,2908649.0,160241748.0,154293136.0,124208191.0,9619091.85,8726382.89
CT,2014,17255958658.0,1852123.0,154094232.0,149627287.0,116692302.0,9317020.96,8452345.92
CT,2015,19535220689.0,1714825.0,167633619.0,164010326.0,134873280.0,9974724.36,9049010.63
CT,2016,19398968980.0,5560700.0,163871009.0,156024656.0,137084884.0,9456226.0,8578640.0
CT,2017,17453302950.0,5574921.0,149736329.0,141770947.0,123916788.0,8679733.0,7874198.0
CT,2018,21623546330.0,5852150.0,179771962.0,171398661.0,151962881.0,10572693.0,9591484.0
CT,2019,22459587649.0,5819140.0,182556433.0,174284763.0,159004111.0,10490042.0,9516510.0
CT,2020,24623960357.0,5397608.0,196428761.0,188755337.0,172111485.0,11227675.0,10185591.0
CT,2021,25818040954.0,5662658.0,205081324.0,197108410.0,178119588.0,12058853.0,10939621.0
CT,2022,25739266904.0,5320070.0,202613545.0,195124572.0,178536602.0,11857574.0,10757018.0
CT,2023,25857102040.0,5547229.0,201463356.0,193565508.0,181696355.0,11742872.0,10652967.0
CT,2024,26827052395.0,5714242.0,208294787.0,200200229.0,188868323.0,12127166.0,11001595.0
DC,2013,65852080.0,0.0,918139.0,918139.0,900137.0,53711.13,48726.42
DC,2014,67612160.0,38176.0,911924.0,784669.0,894043.0,53347.18,48396.25
DC,2015,22751000.0,1710.0,669721.0,664020.0,654238.0,39242.58,35600.64
DC,2016,23702623.0,72728.0,881949.0,639564.0,834562.0,52419.0,47554.0
DC,2017,19704000.0,25099.0,696712.0,613047.0,683053.0,40757.0,36975.0
DC,2018,22770091.0,53982.0,807007.0,627070.0,790521.0,47210.0,42828.0
DC,2019,110123040.0,130209.0,2077383.0,1643367.0,1924530.0,121526.0,110248.0
DC,2020,133556589.0,146172.0,2033536.0,1548743.0,1881396.0,118609.0,107601.0
DC,2021,137077103.0,160488.0,2122090.0,1589586.0,1970406.0,123779.0,112291.0
DC,2022,80289949.0,81893.0,1202495.0,930949.0,1064519.0,70139.0,63630.0
DC,2023,89263360.0,104212.0,1382157.0,1035534.0,1255636.0,80628.0,73144.0
DC,2024,99629759.0,106812.0,1507427.0,1152155.0,1368779.0,87930.0,79768.0
DE,2013,7498920411.0,1668238.0,75045725.0,72313700.0,54785752.0,5204779.449999999,4721744.96
DE,2014,7346124249.0,2056870.0,72112953.0,68765607.0,57701324.0,4713891.350000001,4276414.16
DE,2015,7441988568.0,1429378.0,71060257.0,68727626.0,59963741.0,4509498.86,4090990.54
DE,2016,8329389688.0,6521686.0,77512844.0,67815075.0,68404627.0,4809801.0,4363423.0
DE,2017,7107398502.0,5691512.0,64627053.0,56231451.0,57686877.0,4001553.0,3630182.0
DE,2018,5874366922.0,5358231.0,56079096.0,48160830.0,48487785.0,3519833.0,3193173.0
DE,2019,4944077618.0,7348727.0,48187397.0,37324035.0,44255010.0,2920802.0,2649731.0
DE,2020,4928429370.0,7584917.0,48859198.0,37643558.0,45236367.0,2939521.0,2666693.0
DE,2021,4027679631.0,6474907.0,43013811.0,33413433.0,37131380.0,2716400.0,2464281.0
DE,2022,4962652958.0,5739994.0,48797652.0,40281144.0,44441587.0,2956876.0,2682437.0
DE,2023,4374250769.0,7030880.0,44527665.0,34121703.0,42564423.0,2617159.0,2374250.0
DE,2024,4367997286.0,5677878.0,44348228.0,35921395.0,40220651.0,2707110.0,2455851.0
FL,2013,190690352563.0,21637317.0,1663606780.0,1627041989.0,1129730280.0,119959717.99,108826742.26
FL,2014,196559842112.0,20077138.0,1710423457.0,1676655617.0,1135806958.0,124720497.91,113145693.47
FL,2015,203659813279.0,20353541.0,1753294502.0,1719974977.0,1240529832.0,123306759.22,111863157.99
FL,2016,203735333704.0,23889967.0,1751851596.0,1717098156.0,1276393159.0,121680891.0,110388178.0
FL,2017,203049588169.0,23286725.0,1723349994.0,1689747685.0,1280416434.0,118429405.0,107438446.0
FL,2018,207306507130.0,24370064.0,1735376274.0,1700297687.0,1340200060.0,115971845.0,105208967.0
FL,2019,207793869210.0,25419235.0,1693143615.0,1656555379.0,1377419385.0,109066907.0,98944851.0
FL,2020,210648019479.0,25294077.0,1690698935.0,1654097077.0,1413987824.0,106611499.0,96716428.0
FL,2021,205135267162.0,27828275.0,1664282811.0,1623961032.0,1376467083.0,106179311.0,96324361.0
FL,2022,212964160765.0,25240785.0,1707694929.0,1670984442.0,1442920811.0,107602251.0,97615231.0
FL,2023,212737883365.0,20057136.0,1665839739.0,1637134239.0,1450101433.0,103324809.0,93734803.0
FL,2024,215512451234.0,21269231.0,1675734690.0,1645522374.0,1498993320.0,101969293.0,92505102.0
GA,2013,80920770953.0,18470094.0,729673081.0,700579118.0,316267172.0,62624023.22,56812141.11
GA,2014,86698203440.0,17576632.0,795663570.0,768438333.0,326354455.0,68911335.69,62515953.76
GA,2015,87941784908.0,28851266.0,800389250.0,756753812.0,408194656.0,65337709.07,59273980.81
GA,2016,91062333236.0,20491828.0,813761824.0,785146215.0,415810057.0,66309461.0,60155547.0
GA,2017,85571932863.0,21873644.0,754877204.0,724702872.0,407590925.0,60418220.0,54811056.0
GA,2018,84668023083.0,22850528.0,756071686.0,724735828.0,412525408.0,60409754.0,54803367.0
GA,2019,84205620652.0,21582122.0,739894353.0,709957374.0,461802536.0,56298998.0,51074113.0
GA,2020,73381197573.0,24318687.0,626460049.0,593153568.0,459731018.0,43943397.0,39864830.0
GA,2021,76006736551.0,26416615.0,655950169.0,619412106.0,442386128.0,48023587.0,43566322.0
GA,2022,77206442767.0,32957775.0,673515201.0,628952532.0,471906750.0,48250219.0,43771910.0
GA,2023,77139713548.0,32452130.0,664591205.0,620679152.0,469259595.0,47448313.0,43044439.0
GA,2024,75096813674.0,26949036.0,649945364.0,612469605.0,446132970.0,47088360.0,42717893.0
HI,2013,9272429556.0,5601553.0,95389189.0,89046770.0,13322618.0,8188090.62,7428187.0600000005
HI,2014,9079396717.0,6075152.0,95172753.0,87734340.0,13087208.0,8209928.75,7447998.4799999995
HI,2015,8969893575.0,6282690.0,94077639.0,86092569.0,13141525.0,8108571.74,7356048.03
HI,2016,8811930618.0,1641312.0,93092276.0,91845327.0,12769983.0,7999282.0,7256900.0
HI,2017,8704635705.0,1503961.0,91284582.0,90810056.0,12729340.0,7853168.0,7124347.0
HI,2018,8564835791.0,1456323.0,91781377.0,90122439.0,12988102.0,7933502.0,7197225.0
HI,2019,8573427305.0,1533971.0,93225151.0,90798392.0,13390168.0,8087625.0,7337044.0
HI,2020,7685501142.0,1293968.0,85081456.0,83053771.0,12140396.0,7074902.0,6418251.0
HI,2021,7784275746.0,1183357.0,85155138.0,84130446.0,12186406.0,7086444.0,6428721.0
HI,2022,7877232335.0,1620578.0,86671999.0,83669704.0,12849294.0,7084130.0,6426621.0
HI,2023,7675272780.0,1549363.0,83431404.0,80694169.0,13227452.0,6651930.0,6034536.0
HI,2024,7650315976.0,1498792.0,82303339.0,79675671.0,12914866.0,6545186.0,5937696.0
IA,2013,34873813058.0,26858659.0,411431497.0,365260395.0,38747255.0,43182401.06,39174817.29
IA,2014,35249209550.0,26037708.0,411213749.0,366909257.0,35793269.0,43333711.38,39312085.08
IA,2015,32324552536.0,26039791.0,371319184.0,327802015.0,41088860.0,38627792.28,35042903.230000004
IA,2016,28449187950.0,43900849.0,330820419.0,270238377.0,44073364.0,33306581.0,30215540.0
IA,2017,30074778294.0,41589244.0,341711297.0,284203352.0,56859564.0,33798122.0,30661460.0
IA,2018,36003633591.0,41817864.0,390077444.0,333368627.0,77930403.0,37756947.0,34252879.0
IA,2019,30081647082.0,43622957.0,336784054.0,276205084.0,78832980.0,32019844.0,29048218.0
IA,2020,21294769126.0,40300449.0,251722135.0,194428479.0,71890483.0,23297626.0,21135273.0
IA,2021,28702349603.0,43202025.0,333846609.0,270419090.0,75784007.0,31882084.0,28922985.0
IA,2022,25605120583.0,42070735.0,304722859.0,243872436.0,84851067.0,28839278.0,26162584.0
IA,2023,26718750693.0,37977718.0,296054156.0,241826821.0,98667851.0,27109104.0,24592990.0
IA,2024,24276416839.0,36574807.0,272215153.0,219387881.0,94752233.0,24691187.0,22399502.0
ID,2013,3523248975.0,4440254.0,32608132.0,25998033.0,27070385.0,2140393.7,1941752.4
ID,2014,2709008989.0,3725685.0,24883793.0,19659371.0,20065927.0,1644139.29,1491553.4
ID,2015,3958241529.0,2645413.0,33554547.0,29497434.0,30556472.0,2056572.8699999999,1865710.66
ID,2016,3422828976.0,6374899.0,33452363.0,25255845.0,31111975.0,2016002.0,1828906.0
ID,2017,3187849629.0,7374176.0,32528371.0,23038313.0,30090767.0,1952275.0,1771092.0
ID,2018,3382249340.0,5474205.0,32624903.0,25697478.0,30352950.0,1947196.0,1766482.0
ID,2019,4383538080.0,6878192.0,42538172.0,33779110.0,40086793.0,2527369.0,2292814.0
ID,2020,4267748388.0,6686608.0,41324147.0,32799534.0,38972354.0,2448245.0,2221016.0
ID,2021,5044662421.0,6547020.0,47858730.0,39519894.0,45324444.0,2836475.0,2573211.0
ID,2022,4432759279.0,6427312.0,43193518.0,34506548.0,41516767.0,2521366.0,2287346.0
ID,2023,5774937813.0,6485819.0,57038944.0,48278578.0,55492281.0,3309103.0,3001972.0
ID,2024,6377522426.0,7561437.0,66121656.0,55933005.0,63678479.0,3838125.0,3481892.0
IL,2013,94838901885.0,39222261.0,1047003617.0,982268573.0,125929463.0,107818280.85,97812102.66
IL,2014,92838018090.0,34543566.0,1030007048.0,970765085.0,114818386.0,106508699.59,96624058.47
IL,2015,84696440996.0,33373558.0,920723048.0,863546184.0,144855223.0,92896159.72,84274843.26
IL,2016,76894923044.0,38889756.0,838422499.0,782951047.0,201913911.0,79614246.0,72225575.0
IL,2017,73050442656.0,41926471.0,821905253.0,762276303.0,199264154.0,77899348.0,70669830.0
IL,2018,76940361262.0,40858547.0,836714066.0,779029279.0,195297722.0,79653052.0,72260778.0
IL,2019,70179905682.0,38548908.0,753467623.0,699069076.0,218168295.0,69484150.0,63035601.0
IL,2020,55784482952.0,37535102.0,617584523.0,564637215.0,270548556.0,52372512.0,47511598.0
IL,2021,63905821760.0,39219519.0,694764574.0,639379624.0,223504734.0,63015493.0,57166757.0
IL,2022,60386186189.0,36747209.0,640842370.0,588389279.0,195806131.0,59299772.0,53795909.0
IL,2023,55620610132.0,33050116.0,548031276.0,499842195.0,244402955.0,46502262.0,42186190.0
IL,2024,57123536311.0,32412722.0,558914381.0,511927632.0,252340384.0,47282278.0,42893806.0
IN,2013,103412143607.0,20755793.0,1107424403.0,1074070585.0,210517046.0,110175534.48,99950589.22
IN,2014,108551926485.0,20825371.0,1159548450.0,1125173736.0,247853485.0,115339824.93,104635602.78
IN,2015,95872293939.0,22039995.0,1019804292.0,980910410.0,294882420.0,98154477.84,89045158.15
IN,2016,93178784769.0,39783655.0,1003223640.0,941833526.0,320892137.0,94128281.0,85392620.0
IN,2017,90525851100.0,24963225.0,952151231.0,911708386.0,307072009.0,90310855.0,81929467.0
IN,2018,104446026930.0,27490234.0,1084826387.0,1039420139.0,368252989.0,100919459.0,91553529.0
IN,2019,92973829887.0,33106187.0,956348050.0,903867052.0,403803658.0,85806989.0,77843592.0
IN,2020,80014849834.0,29729259.0,822793946.0,772576118.0,391494317.0,71485635.0,64850757.0
IN,2021,82218452538.0,28781111.0,869111405.0,820133603.0,382413406.0,77640595.0,70434446.0
IN,2022,83641096933.0,28711827.0,883329158.0,834282750.0,408219698.0,77701520.0,70489713.0
IN,2023,75877630487.0,28981630.0,799834116.0,748196504.0,409837557.0,67519103.0,61252372.0
IN,2024,80505800728.0,27928069.0,812247001.0,762658566.0,405185812.0,67722949.0,61437298.0
KS,2013,31798563905.0,1327845.0,354425129.0,349999794.0,47291656.0,36514070.71,33125347.669999998
KS,2014,30249686443.0,1422626.0,338538970.0,333797082.0,41888019.0,35046018.14,31793539.060000002
KS,2015,25815738501.0,926120.0,290134035.0,287046970.0,34109422.0,30138033.31,27341044.55
KS,2016,25151594570.0,2804593.0,277030586.0,272663320.0,39435396.0,28397619.0,25762154.0
KS,2017,21590843344.0,2686885.0,240723856.0,236522743.0,37540085.0,24512035.0,22237173.0
KS,2018,23531714042.0,2606731.0,260167986.0,255530381.0,46638700.0,26177032.0,23747638.0
KS,2019,20417203970.0,2551980.0,230390494.0,226292696.0,44499306.0,23020745.0,20884284.0
KS,2020,19836859460.0,2350540.0,223252986.0,219371597.0,40610948.0,22427288.0,20345719.0
KS,2021,22207578802.0,1970533.0,247989235.0,244385255.0,40433135.0,25122684.0,22790937.0
KS,2022,23368367043.0,1730086.0,262868219.0,259520215.0,49100556.0,26324228.0,23880964.0
KS,2023,20718667043.0,2027869.0,230767691.0,226953850.0,57724868.0,22354485.0,20279676.0
KS,2024,18494556944.0,2492504.0,211174259.0,206111706.0,67582187.0,19667040.0,17841651.0
KY,2013,86139126485.0,1517650.0,921672354.0,918652179.0,59235247.0,94030460.51,85303874.13
KY,2014,87304878702.0,1759534.0,932703297.0,929252965.0,71862793.0,94571867.36,85795035.24
KY,2015,79699064075.0,1683067.0,840235583.0,837032627.0,91645266.0,84245809.7,76427297.25
KY,2016,76318944450.0,5412765.0,803825687.0,794644617.0,104356894.0,79842541.0,72432678.0
KY,2017,68158602519.0,4867116.0,713006744.0,704832766.0,114002224.0,69722366.0,63251719.0
KY,2018,73916673681.0,4793844.0,759870319.0,751592621.0,145862309.0,73046380.0,66267246.0
KY,2019,67153657330.0,5022122.0,680787618.0,672281914.0,142665989.0,64820677.0,58804933.0
KY,2020,58144192394.0,4752772.0,580962376.0,573068260.0,128649805.0,54839784.0,49749871.0
KY,2021,64571228832.0,5374977.0,650494417.0,641211562.0,137165251.0,61901995.0,56156613.0
KY,2022,64123079885.0,4713384.0,649676135.0,640965871.0,162311375.0,60640017.0,55011766.0
KY,2023,58689227293.0,4413768.0,585993734.0,578134617.0,135647487.0,55159009.0,50039469.0
KY,2024,62166478389.0,4216588.0,631190086.0,623862891.0,165771804.0,58517515.0,53086262.0
LA,2013,78341153741.0,63341232.0,855480996.0,748841422.0,570073222.0,64235116.86,58273715.65
LA,2014,80621086270.0,64410284.0,849645488.0,742052311.0,577735663.0,62981575.620000005,57136510.55
LA,2015,85656811916.0,64340552.0,873695951.0,763572009.0,645719477.0,62058310.48,56298929.96
LA,2016,83344758192.0,101361465.0,835342516.0,685605054.0,630540871.0,58600374.0,53161910.0
LA,2017,75914699763.0,100955005.0,776073463.0,624814537.0,574714520.0,55071594.0,49960621.0
LA,2018,77963282083.0,105939076.0,798867487.0,637697791.0,605163213.0,55964084.0,50770285.0
LA,2019,80150719388.0,106416564.0,800241986.0,640791863.0,660752978.0,53037938.0,48115697.0
LA,2020,78152152983.0,105945335.0,766851102.0,607656861.0,666739252.0,48961037.0,44416755.0
LA,2021,75746973156.0,103162032.0,753139823.0,599649172.0,606282071.0,50614672.0,45916914.0
LA,2022,83573203983.0,98272437.0,803172418.0,655735581.0,664090406.0,53204184.0,48266082.0
LA,2023,80298665614.0,99485396.0,755828554.0,608463341.0,674065969.0,47337051.0,42943501.0
LA,2024,79025218294.0,102105660.0,755442043.0,602159783.0,692678166.0,46250716.0,41957990.0
MA,2013,27392559131.0,4906414.0,250604608.0,241736196.0,172403424.0,16242425.83,14735032.0
MA,2014,24087872474.0,4555071.0,223135861.0,215115385.0,152881689.0,14238532.47,12917112.01
MA,2015,25807621411.0,4631688.0,237794721.0,229560100.0,174685914.0,14794747.36,13421706.77
MA,2016,25191502089.0,9472530.0,229211352.0,215414761.0,173938541.0,14023269.0,12721825.0
MA,2017,25241027473.0,11742134.0,229302828.0,211875343.0,181857019.0,13650787.0,12383914.0
MA,2018,20574182769.0,12993789.0,192518264.0,173341159.0,155876114.0,10996453.0,9975911.0
MA,2019,17168457788.0,13504381.0,166493794.0,146464990.0,134455258.0,9390975.0,8519433.0
MA,2020,15871781910.0,13196357.0,156499593.0,136945947.0,125765356.0,8771621.0,7957489.0
MA,2021,16774006802.0,9989620.0,159851656.0,144724003.0,128338106.0,9246093.0,8387918.0
MA,2022,18232263380.0,10454697.0,170680497.0,155087462.0,134289004.0,10029289.0,9098431.0
MA,2023,16570944094.0,10573130.0,157370654.0,141676604.0,125391671.0,9108578.0,8263176.0
MA,2024,18064989215.0,10256759.0,169014437.0,153574727.0,136262159.0,9805030.0,8894986.0
MD,2013,19233394359.0,8119488.0,225497384.0,212831422.0,39985785.0,20888292.72,18949734.83
MD,2014,21211997670.0,7335542.0,243027088.0,231279316.0,38208394.0,22818908.31,20701177.830000002
MD,2015,19362369029.0,7394913.0,226443964.0,213919955.0,57111177.0,20187641.560000002,18314108.21
MD,2016,20071831605.0,10805710.0,233551636.0,216746268.0,67561805.0,20478493.0,18577966.0
MD,2017,16007316373.0,10450769.0,179128844.0,162635669.0,68066323.0,14747786.0,13379108.0
MD,2018,24842974420.0,10313203.0,249251702.0,233095048.0,118739855.0,19664274.0,17839310.0
MD,2019,20989925600.0,6662786.0,196989348.0,185389959.0,113554913.0,14450081.0,13109026.0
MD,2020,18107316258.0,4400345.0,164403277.0,155550346.0,109344531.0,11264080.0,10218611.0
MD,2021,19912294923.0,4652469.0,182376068.0,172667710.0,107866766.0,13272361.0,12040494.0
MD,2022,19269904814.0,3647420.0,172293570.0,163980797.0,106138488.0,12390345.0,11240348.0
MD,2023,17678309699.0,4358328.0,156310322.0,148065298.0,119604841.0,10073006.0,9138085.0
MD,2024,17204544969.0,7139696.0,160078281.0,148958346.0,112207791.0,10711948.0,9717727.0
ME,2013,5615651558.0,11169865.0,63552368.0,47281479.0,47091590.0,4051401.29,3675407.1199999996
ME,2014,5171961902.0,11495804.0,58293094.0,41180679.0,42238890.0,3751029.45,3402911.6
ME,2015,3980378398.0,11188760.0,49184607.0,32807776.0,32060774.0,3258151.9,2955776.0
ME,2016,4092471306.0,8708138.0,43982388.0,32001528.0,30996252.0,2818942.0,2557331.0
ME,2017,2861116118.0,8179969.0,35036937.0,23753750.0,21375761.0,2312218.0,2097631.0
ME,2018,2967492601.0,8938293.0,36750961.0,24492409.0,23046447.0,2426835.0,2201608.0
ME,2019,2227446657.0,9234041.0,30522112.0,17828051.0,19320824.0,2009628.0,1823124.0
ME,2020,2300377042.0,9451994.0,31014195.0,17988977.0,20658975.0,2010996.0,1824346.0
ME,2021,3669831419.0,8948144.0,39939041.0,27600500.0,30665041.0,2519138.0,2285327.0
ME,2022,4690843405.0,9351539.0,47971689.0,35153338.0,35800528.0,3077323.0,2791705.0
ME,2023,4307760566.0,7238747.0,42094934.0,32324772.0,32358659.0,2683180.0,2434145.0
ME,2024,6713923131.0,6640632.0,57817875.0,48866814.0,48276294.0,3577136.0,3245129.0
MI,2013,69616789407.0,26809765.0,760923204.0,714384652.0,165565562.0,74066465.03,67192656.17999999
MI,2014,67046159475.0,26989630.0,733687778.0,686876992.0,168653406.0,70837978.37,64263792.370000005
MI,2015,74359532495.0,27569256.0,789843246.0,740243832.0,225923298.0,73985576.87,67119274.95
MI,2016,71086136527.0,39898092.0,749218698.0,680237629.0,298687448.0,64643075.0,58643813.0
MI,2017,69659115285.0,38881531.0,733437494.0,664908467.0,271812687.0,64389641.0,58413902.0
MI,2018,74909402853.0,40343556.0,786030148.0,714981722.0,314126031.0,67720117.0,61435300.0
MI,2019,72914042574.0,39761212.0,750489986.0,678720388.0,333983005.0,63086361.0,57231577.0
MI,2020,65509000539.0,58585431.0,750501593.0,609369178.0,424091690.0,58623719.0,53182603.0
MI,2021,68904715873.0,32918701.0,713368991.0,652834183.0,305256262.0,60676411.0,55044781.0
MI,2022,77411097700.0,32647238.0,773065556.0,712292488.0,370167735.0,64496021.0,58509877.0
MI,2023,79156703307.0,33278001.0,726927117.0,664181712.0,452532033.0,55135854.0,50018471.0
MI,2024,83103733951.0,31249119.0,775335533.0,714873339.0,468977105.0,59538302.0,54012311.0
MN,2013,30358959672.0,12178405.0,335198978.0,316259433.0,73315958.0,32248209.01,29255383.32
MN,2014,32462339952.0,12310438.0,361066706.0,339692939.0,55306070.0,36020400.81,32677493.13
MN,2015,32680778360.0,13301232.0,348128592.0,326371168.0,77434481.0,33407522.65,30307105.79
MN,2016,32759056609.0,17978579.0,348154998.0,318316629.0,90469324.0,32676454.0,29643872.0
MN,2017,30108299928.0,18095577.0,326241594.0,296707884.0,72348870.0,31244122.0,28344485.0
MN,2018,32668706598.0,19035884.0,348968946.0,317646466.0,87094934.0,32854188.0,29805125.0
MN,2019,30928930715.0,15111273.0,312152503.0,287261704.0,106647992.0,27668493.0,25100698.0
MN,2020,26335529547.0,16790435.0,268683539.0,242165097.0,102653902.0,23100457.0,20956411.0
MN,2021,29125430363.0,16201012.0,295130440.0,270495099.0,113362142.0,25547465.0,23176294.0
MN,2022,25290976621.0,17571306.0,271630151.0,243727970.0,87762824.0,24610781.0,22326558.0
MN,2023,27135156776.0,16204704.0,273709676.0,248886481.0,120592744.0,22974774.0,20842387.0
MN,2024,27814120731.0,17095959.0,277129619.0,251190061.0,134882943.0,22476702.0,20390541.0
MO,2013,80586110889.0,2519089.0,825222064.0,818263898.0,83034592.0,86359096.78,78344458.62
MO,2014,76586284631.0,2488052.0,796985666.0,790098665.0,79433937.0,83482787.97,75735088.53
MO,2015,70078339858.0,3015333.0,719785245.0,710890839.0,79500341.0,74951253.94,67995331.54
MO,2016,66440453244.0,8138883.0,681857821.0,670316019.0,91268242.0,69148327.0,62730955.0
MO,2017,72788601629.0,7622502.0,742086465.0,731419648.0,89930711.0,75667183.0,68644816.0
MO,2018,70505709304.0,8271501.0,719435703.0,707806007.0,103984681.0,72336555.0,65623292.0
MO,2019,63458234102.0,7991777.0,641373710.0,630086693.0,104313849.0,63399354.0,57515520.0
MO,2020,59397230041.0,7593802.0,607729715.0,597003471.0,102261110.0,59671065.0,54132746.0
MO,2021,64175930945.0,7408646.0,659041718.0,648503667.0,92863588.0,65756473.0,59653340.0
MO,2022,61146917241.0,8024921.0,632526252.0,621101226.0,111604558.0,62993660.0,57146959.0
MO,2023,49738971318.0,8097538.0,519379469.0,507879523.0,113916134.0,50613241.0,45915627.0
MO,2024,48078710317.0,8025813.0,497694059.0,486295977.0,111206245.0,48799812.0,44270496.0
MS,2013,40497367788.0,2471162.0,351483153.0,347353935.0,258712154.0,24948790.45,22633394.2
MS,2014,43366960101.0,2258217.0,363113131.0,359169031.0,248401025.0,26496370.86,24037349.94
MS,2015,51536743531.0,2980472.0,418222368.0,413060515.0,342534289.0,27745645.96,25170684.93
MS,2016,55459822310.0,3319985.0,447385677.0,442250991.0,377956697.0,28959907.0,26272253.0
MS,2017,50800017852.0,4028216.0,412493857.0,405257225.0,351719942.0,26621903.0,24151236.0
MS,2018,54789163490.0,4224407.0,445738184.0,438188023.0,380015811.0,28832858.0,26156997.0
MS,2019,53208547932.0,4412733.0,430843175.0,422926784.0,373094789.0,27577721.0,25018342.0
MS,2020,58263500314.0,4657318.0,464101615.0,456354370.0,404037309.0,29479426.0,26743320.0
MS,2021,54159959237.0,4803781.0,434767464.0,426536225.0,366336433.0,28249616.0,25627650.0
MS,2022,57379687803.0,4540491.0,462016615.0,453997789.0,391963777.0,30101879.0,27307997.0
MS,2023,59211607041.0,5192233.0,472043082.0,463198922.0,417209342.0,29868060.0,27095884.0
MS,2024,63368222124.0,5397712.0,493983952.0,484669047.0,445720451.0,30770268.0,27914351.0
MT,2013,15956828941.0,1175003.0,177629533.0,174260124.0,17191941.0,18684738.400000002,16950683.48
MT,2014,16523238194.0,1089334.0,184488139.0,181382739.0,16460959.0,19486063.13,17677640.5
MT,2015,17108837787.0,1322077.0,189368248.0,185605180.0,17208445.0,19990763.81,18135501.939999998
MT,2016,15205205280.0,1894273.0,171971079.0,167621906.0,15458056.0,18154845.0,16469969.0
MT,2017,14739273378.0,2037686.0,165837927.0,161218156.0,14432133.0,17539063.0,15911336.0
MT,2018,14282400365.0,2121790.0,163228652.0,158036189.0,14822970.0,17210801.0,15613538.0
MT,2019,15072478562.0,1864112.0,170813280.0,166263239.0,15507482.0,18019924.0,16347567.0
MT,2020,9238290247.0,2060950.0,108818525.0,103874998.0,9849115.0,11481038.0,10415432.0
MT,2021,11855490045.0,1968601.0,134288193.0,129477006.0,13474280.0,14083816.0,12776640.0
MT,2022,12844709018.0,1812015.0,144319235.0,139862833.0,15936472.0,15052816.0,13655699.0
MT,2023,13045585466.0,1368083.0,146580103.0,142762543.0,18139421.0,15183222.0,13774004.0
MT,2024,11175247424.0,1218026.0,126619382.0,123200734.0,16691945.0,13050175.0,11838932.0
NC,2013,75501167628.0,13659631.0,700928078.0,678755472.0,226518204.0,62764428.92,56939516.41
NC,2014,78748769609.0,13817093.0,721777099.0,699669300.0,231900091.0,64570562.84,58578030.410000004
NC,2015,77287677618.0,17733750.0,703253560.0,675909809.0,297046748.0,59330345.47,53824136.31
NC,2016,77301014381.0,14634608.0,697042895.0,674311527.0,314698379.0,57862255.0,52492299.0
NC,2017,73585144887.0,13121019.0,650214849.0,629827665.0,299264836.0,53687250.0,48704747.0
NC,2018,76070950131.0,13920602.0,684306147.0,662714867.0,353050797.0,54720835.0,49642412.0
NC,2019,72336019671.0,13870186.0,648142373.0,627127253.0,327242190.0,52218357.0,47372186.0
NC,2020,62598559702.0,13413569.0,553650884.0,533112149.0,323300469.0,42396213.0,38461243.0
NC,2021,68088667717.0,12751400.0,609398100.0,590299831.0,381402347.0,45463997.0,41244295.0
NC,2022,73082891847.0,12053505.0,654768881.0,636597221.0,481185308.0,45475704.0,41254913.0
NC,2023,66076779632.0,8851497.0,577809003.0,564966230.0,416462550.0,40526955.0,36765483.0
NC,2024,72739205515.0,6737039.0,638698057.0,629418237.0,446882250.0,45337009.0,41129094.0
ND,2013,27565150661.0,2520575.0,310738151.0,305824104.0,23982472.0,33371070.57,30274036.619999997
ND,2014,27654500429.0,2654134.0,313114768.0,308157817.0,25722679.0,33531626.32,30419691.87
ND,2015,28475835449.0,2941158.0,323824907.0,318189456.0,30741805.0,34441931.2,31245514.990000002
ND,2016,27687288321.0,5964940.0,316653057.0,303993700.0,34412183.0,32967437.0,29907862.0
ND,2017,27473990741.0,6432282.0,315682060.0,302104797.0,30681831.0,33115903.0,30042549.0
ND,2018,28605314564.0,7040115.0,328224643.0,313240622.0,34479047.0,34481968.0,31281838.0
ND,2019,26662920926.0,7317341.0,309641534.0,293796604.0,37657524.0,31601152.0,28668376.0
ND,2020,26024257350.0,6309629.0,300568817.0,286698367.0,38960772.0,30219818.0,27414988.0
ND,2021,26023323377.0,7176691.0,300981616.0,285509669.0,38319303.0,30412400.0,27589696.0
ND,2022,26315244817.0,7216754.0,305724040.0,290145032.0,37064163.0,31761363.0,28813456.0
ND,2023,25411606363.0,7286251.0,294158249.0,278416340.0,50051956.0,29806001.0,27039585.0
ND,2024,25668864763.0,7839786.0,298600042.0,281475282.0,47251672.0,30374329.0,27555161.0
NE,2013,27246307033.0,2443627.0,290903976.0,284284667.0,21268816.0,30911688.709999997,28042900.13
NE,2014,25370547485.0,2523587.0,273188552.0,266374992.0,20121502.0,29043443.34,26348039.069999997
NE,2015,24622266275.0,2503019.0,262634414.0,255974182.0,19535541.0,27916614.599999998,25325786.65
NE,2016,22417684983.0,2513384.0,240153497.0,233548779.0,19664247.0,25368010.0,23013711.0
NE,2017,21808558147.0,2533968.0,232846032.0,226233175.0,19537078.0,24570783.0,22290463.0
NE,2018,24282471773.0,2685503.0,267437948.0,260581505.0,24497972.0,28135824.0,25524651.0
NE,2019,21678446696.0,2774377.0,249952462.0,242568192.0,26068161.0,26080556.0,23660117.0
NE,2020,20011390400.0,2407593.0,221285349.0,215487109.0,23135629.0,23093083.0,20949713.0
NE,2021,20162112735.0,2966480.0,224919920.0,216543681.0,23808791.0,23429153.0,21254594.0
NE,2022,21240560237.0,3456074.0,234508365.0,224935911.0,25494974.0,24442108.0,22173534.0
NE,2023,19362445120.0,2532140.0,211196924.0,203776713.0,27042803.0,21792202.0,19769576.0
NE,2024,17781502410.0,2441533.0,196368401.0,188351422.0,26550264.0,20175783.0,18303185.0
NH,2013,5792662369.0,564577.0,52036667.0,51309352.0,31322552.0,3800130.47,3447455.7199999997
NH,2014,6088044004.0,567561.0,52905108.0,52172628.0,33057172.0,3811575.06,3457838.19
NH,2015,7265392804.0,564388.0,59875683.0,59135339.0,44270582.0,4027178.2,3653432.1
NH,2016,5305253415.0,534229.0,43610794.0,42767165.0,35026645.0,2784804.0,2526361.0
NH,2017,4071637725.0,431418.0,34308352.0,33594028.0,27020772.0,2178421.0,1976254.0
NH,2018,3927226804.0,419393.0,34744742.0,34038659.0,22874819.0,2414655.0,2190563.0
NH,2019,4054965727.0,427267.0,33682195.0,32967028.0,26418690.0,2151730.0,1952037.0
NH,2020,3909234311.0,402731.0,31581508.0,30910628.0,26889955.0,1904403.0,1727646.0
NH,2021,4920786600.0,434452.0,39914877.0,39195957.0,33093464.0,2491867.0,2260587.0
NH,2022,5343380063.0,419732.0,43450427.0,42742044.0,33480842.0,2803334.0,2543145.0
NH,2023,4546537397.0,434168.0,37171389.0,36455042.0,31774879.0,2270963.0,2060186.0
NH,2024,4785212905.0,411987.0,38590086.0,37911665.0,32624996.0,2380007.0,2159112.0
NJ,2013,30344929190.0,10968188.0,281392218.0,259843606.0,229895286.0,17404046.03,15788846.98
NJ,2014,35523175686.0,11397563.0,325207184.0,303056729.0,263144026.0,20242176.68,18363582.21
NJ,2015,40160248097.0,10836207.0,351617968.0,330235044.0,296069294.0,21414610.419999998,19427207.17
NJ,2016,46368706261.0,14205640.0,388465874.0,363987699.0,338380138.0,23267375.0,21108016.0
NJ,2017,40131792159.0,14599861.0,333258604.0,307965146.0,287045608.0,19990968.0,18135686.0
NJ,2018,41495941484.0,17105336.0,346573793.0,317035279.0,298124948.0,20846421.0,18911748.0
NJ,2019,42665348947.0,16333765.0,348957897.0,320846481.0,305392683.0,20798851.0,18868591.0
NJ,2020,32635482672.0,15342645.0,276511177.0,250158795.0,237799634.0,16426683.0,14902051.0
NJ,2021,31653276825.0,15139664.0,270869323.0,244967829.0,232120944.0,16298955.0,14786182.0
NJ,2022,34988510225.0,15757785.0,296196615.0,269203260.0,262628491.0,17517240.0,15891394.0
NJ,2023,34087420061.0,15437262.0,286635816.0,260802659.0,259147504.0,16658575.0,15112425.0
NJ,2024,30686737615.0,15405339.0,263025188.0,237222457.0,235789760.0,15279240.0,13861109.0
NM,2013,33178430791.0,1723836.0,333768395.0,331281948.0,90212634.0,31453804.75,28534704.519999996
NM,2014,29403180232.0,1818433.0,295843930.0,293237331.0,90664699.0,27240544.98,24712460.3
NM,2015,29876788910.0,1745601.0,297407864.0,294938520.0,91736863.0,27391967.549999997,24849829.93
NM,2016,28388723468.0,629302.0,282792136.0,281916066.0,93423239.0,25565953.0,23193276.0
NM,2017,27599950987.0,530848.0,278001124.0,277245846.0,87381648.0,25352578.0,22999709.0
NM,2018,25063583601.0,497444.0,239035613.0,238326556.0,107213561.0,20328631.0,18442013.0
NM,2019,26736560112.0,482393.0,261971063.0,261571700.0,113557557.0,22471066.0,20385619.0
NM,2020,24875887610.0,536635.0,241864017.0,241360457.0,108903893.0,20564691.0,18655997.0
NM,2021,22713620884.0,629917.0,218948372.0,218313445.0,91208799.0,18963802.0,17203693.0
NM,2022,24336171681.0,481465.0,230899298.0,230186649.0,98681784.0,19965490.0,18112408.0
NM,2023,21639847156.0,538788.0,199488324.0,198704048.0,125796184.0,14927143.0,13541691.0
NM,2024,20106485132.0,526233.0,189048426.0,188281551.0,106540216.0,14773195.0,13402031.0
NV,2013,32710029815.0,1794867.0,256968602.0,269675214.0,187154430.0,17295587.16,15690453.719999999
NV,2014,32253036620.0,866640.0,256723538.0,271615176.0,172956178.0,17881192.3,16221711.25
NV,2015,34783288143.0,1748834.0,262762798.0,277659933.0,214522676.0,16261144.129999999,14752013.18
NV,2016,34452826544.0,7432697.0,264311213.0,272345722.0,220272301.0,16029449.0,14541813.0
NV,2017,31792116000.0,2261028.0,240256764.0,254862916.0,200763428.0,14514204.0,13167197.0
NV,2018,32645884500.0,2426148.0,251016991.0,265886669.0,204705894.0,15437426.0,14004743.0
NV,2019,32431891600.0,2568140.0,249099800.0,265444804.0,198025213.0,15345527.0,13921372.0
NV,2020,32561708261.0,2532654.0,249467307.0,264768233.0,207674754.0,14859771.0,13480574.0
NV,2021,32807859000.0,2417324.0,251293241.0,267769194.0,200965185.0,15321032.0,13899019.0
NV,2022,31505921001.0,2302061.0,243106977.0,238512368.0,192310180.0,14891519.0,13509369.0
NV,2023,30817268477.0,1406748.0,230226614.0,227503893.0,184007784.0,13823059.0,12540084.0
NV,2024,31214142001.0,1161310.0,236934446.0,234733685.0,188666154.0,14405166.0,13068163.0
NY,2013,61858339506.0,21179856.0,590182720.0,552861395.0,478609234.0,36878984.55,33456395.18
NY,2014,62916044895.0,21364280.0,597877155.0,558975831.0,478367903.0,37557672.22,34072096.72
NY,2015,62995290272.0,20456131.0,592970653.0,555626477.0,497221268.0,36079065.77,32730713.86
NY,2016,60984458015.0,30765680.0,577109655.0,523277953.0,498079558.0,34496692.0,31295191.0
NY,2017,50468906213.0,28818971.0,478853355.0,428366940.0,412772552.0,28200748.0,25583557.0
NY,2018,54899349722.0,30417907.0,521637340.0,468220893.0,450637223.0,30794285.0,27936389.0
NY,2019,50315367265.0,29060593.0,469585513.0,419194652.0,410954543.0,27344556.0,24806826.0
NY,2020,55292794714.0,28922014.0,511157584.0,460635315.0,455776675.0,29510261.0,26771286.0
NY,2021,58973534268.0,26740276.0,534805225.0,486595871.0,477464080.0,31255688.0,28354708.0
NY,2022,63992334958.0,28421067.0,576483618.0,525326282.0,509865213.0,33938164.0,30788229.0
NY,2023,60591805264.0,26513379.0,556170818.0,507625354.0,501460769.0,32428027.0,29418247.0
NY,2024,64509320284.0,28863868.0,596383921.0,543532900.0,540845786.0,34736960.0,31512878.0
OH,2013,117653514762.0,12272299.0,1169743651.0,1149754419.0,208596505.0,112947935.69,102465695.05
OH,2014,114795704650.0,12282156.0,1135461885.0,1115581664.0,218746546.0,108742261.13,98650332.15
OH,2015,102253799874.0,12831126.0,993011476.0,972253223.0,245366759.0,92287198.05,83722396.87
OH,2016,99874426370.0,18170301.0,974154722.0,949890665.0,251477850.0,89967971.0,81618408.0
OH,2017,99653687457.0,16952861.0,955756976.0,932439146.0,249922276.0,88092990.0,79917444.0
OH,2018,106021491110.0,17569387.0,988156699.0,964304449.0,363043023.0,86035770.0,78051144.0
OH,2019,100496989627.0,17444972.0,902050795.0,877497527.0,399424065.0,75081189.0,68113209.0
OH,2020,100120095759.0,15802645.0,899052700.0,875097424.0,409902788.0,74102196.0,67224470.0
OH,2021,103176534731.0,17574510.0,924745280.0,898319529.0,426243495.0,76039161.0,68981649.0
OH,2022,113138246444.0,17660046.0,994863684.0,968002213.0,515133405.0,79046823.0,71710160.0
OH,2023,111199000164.0,16775563.0,934834557.0,908969787.0,578436422.0,69694397.0,63225763.0
OH,2024,116365842269.0,18208981.0,978812472.0,950958176.0,627519745.0,71886214.0,65214146.0
OK,2013,60069734362.0,8256797.0,597755531.0,584408328.0,272392227.0,51001021.63,46267823.3
OK,2014,56555269244.0,8282826.0,556113783.0,543048134.0,232279916.0,48570211.27,44062606.62
OK,2015,59187435191.0,9350275.0,554957817.0,540327244.0,278064453.0,45884394.09,41626049.28
OK,2016,55737717059.0,7435477.0,520733311.0,507023897.0,296834684.0,40901523.0,37105622.0
OK,2017,47884179496.0,8506167.0,448409775.0,433096313.0,250359908.0,35637432.0,32330070.0
OK,2018,57556090553.0,7333911.0,520397025.0,506586149.0,347808605.0,38549755.0,34972105.0
OK,2019,53214007271.0,7078924.0,468093104.0,454932756.0,366373991.0,31797908.0,28846872.0
OK,2020,50803711602.0,7263590.0,442181796.0,428648617.0,363722427.0,29079259.0,26380294.0
OK,2021,45141533369.0,6673827.0,418159028.0,405703432.0,285218853.0,30657382.0,27811939.0
OK,2022,45001146213.0,6544679.0,416257434.0,403802752.0,306166744.0,29328807.0,26606682.0
OK,2023,50442360488.0,6297693.0,446070978.0,434137747.0,374651225.0,28991800.0,26300951.0
OK,2024,53924382685.0,6785771.0,482991288.0,470428571.0,398752407.0,31711916.0,28768598.0
OR,2013,18363744881.0,2559731.0,149141846.0,144849772.0,109546965.0,10471624.0,9499794.959999999
OR,2014,16172665289.0,2761145.0,132201899.0,127872921.0,97273504.0,9225971.28,8369746.21
OR,2015,18885638912.0,3106329.0,150102404.0,145265657.0,120130689.0,9905925.55,8986596.68
OR,2016,17477267416.0,3594097.0,139336791.0,133991528.0,114026529.0,9046419.0,8206857.0
OR,2017,17060402449.0,4240269.0,136597290.0,130110492.0,112076681.0,8808369.0,7990904.0
OR,2018,19650953040.0,3755964.0,153758874.0,148294975.0,130263987.0,9699699.0,8799510.0
OR,2019,23759567211.0,4039283.0,186856358.0,180944335.0,152141904.0,12156828.0,11028600.0
OR,2020,20925048195.0,4349488.0,163930157.0,157272630.0,138994373.0,10330099.0,9371318.0
OR,2021,21544875761.0,4572169.0,165330086.0,158348297.0,155292705.0,9600886.0,8709787.0
OR,2022,19301900254.0,4411477.0,149496471.0,141720802.0,139608678.0,8679142.0,7873594.0
OR,2023,23609808712.0,4600825.0,182789847.0,174992217.0,170554470.0,10622377.0,9636472.0
OR,2024,25160726718.0,5045129.0,196222183.0,187417770.0,182797179.0,11410206.0,10351179.0
PA,2013,140482548430.0,24780185.0,1353004642.0,1310368520.0,424456677.0,119852024.75,108729043.53999999
PA,2014,134533364342.0,20271130.0,1293579371.0,1258265561.0,447902562.0,112458494.09,102021676.47
PA,2015,126541555243.0,21986014.0,1197449458.0,1159275522.0,491317291.0,100279108.69,90972610.67999999
PA,2016,124684137002.0,21788023.0,1161946687.0,1129175862.0,552138004.0,93741018.0,85041303.0
PA,2017,122209434023.0,21473550.0,1113335445.0,1081285319.0,579336427.0,87359731.0,79252228.0
PA,2018,122708455934.0,22373926.0,1096276815.0,1062496470.0,592646225.0,84910972.0,77030723.0
PA,2019,137730517887.0,21199794.0,1159009198.0,1127711071.0,722293313.0,85270238.0,77356652.0
PA,2020,145922555795.0,19170287.0,1175953416.0,1146954430.0,871131693.0,79679133.0,72283774.0
PA,2021,157758914909.0,19204030.0,1266083530.0,1236929417.0,899233489.0,88130744.0,79950964.0
PA,2022,155957699477.0,19625227.0,1259708442.0,1229713789.0,941394745.0,85489471.0,77554826.0
PA,2023,153759757320.0,18698686.0,1210059930.0,1181766326.0,1001386056.0,77390267.0,70207347.0
PA,2024,158625362147.0,18444024.0,1251965721.0,1224473036.0,1043729359.0,79722371.0,72323001.0
RI,2013,6189630661.0,702038.0,52089562.0,48735143.0,47990416.0,3128107.57,2837800.57
RI,2014,6051369866.0,238610.0,48058728.0,47210276.0,46129992.0,2828459.75,2565961.84
RI,2015,6700215236.0,246890.0,53762549.0,52862278.0,51456191.0,3167606.82,2873634.08
RI,2016,6316786000.0,1009242.0,50158463.0,48704510.0,48454431.0,2943175.0,2670029.0
RI,2017,7246599880.0,1052112.0,55935541.0,54366051.0,53930139.0,3285871.0,2980924.0
RI,2018,7972653807.0,1049132.0,62784108.0,61237557.0,60424516.0,3690343.0,3347859.0
RI,2019,7152058640.0,1040120.0,56360360.0,54803979.0,54615118.0,3302115.0,2995662.0
RI,2020,8276843900.0,1102820.0,63410631.0,61788152.0,61558035.0,3700152.0,3356727.0
RI,2021,8653551442.0,1067489.0,67162667.0,65570155.0,65118758.0,3922029.0,3558007.0
RI,2022,7023821290.0,968962.0,55473477.0,54049488.0,53421569.0,3250641.0,2948937.0
RI,2023,9584304585.0,836189.0,75731819.0,74518646.0,73396803.0,4424614.0,4013946.0
RI,2024,8799561488.0,704572.0,69498437.0,68440390.0,67504061.0,4056547.0,3680044.0
SC,2013,36406575152.0,5037894.0,351707604.0,340144606.0,106747503.0,31756632.21,28809427.8
SC,2014,40612785661.0,6288881.0,394647662.0,381968738.0,101664869.0,36467122.36,33082756.39
SC,2015,39422312886.0,5266649.0,381980073.0,371077358.0,148393579.0,32902548.03,29848995.779999997
SC,2016,37529049197.0,9210318.0,361362301.0,347355405.0,146405367.0,30865550.0,28001045.0
SC,2017,35446947234.0,8852644.0,334637790.0,321039709.0,148594025.0,27956809.0,25362251.0
SC,2018,41536834417.0,9950181.0,389504818.0,374247679.0,187869101.0,31827988.0,28874166.0
SC,2019,38908011479.0,10064730.0,352690481.0,337052273.0,194757995.0,27678724.0,25109972.0
SC,2020,36795130857.0,10304536.0,332510313.0,316590237.0,195418789.0,25441876.0,23080516.0
SC,2021,38557748439.0,10158403.0,352543758.0,336870263.0,190736644.0,27770205.0,25192737.0
SC,2022,38616110242.0,10172303.0,354013937.0,338279245.0,201489835.0,27399780.0,24856695.0
SC,2023,38982614245.0,8280657.0,359303560.0,346329869.0,196365312.0,28217684.0,25598683.0
SC,2024,39801860527.0,7685696.0,370167270.0,357708275.0,189581042.0,29647886.0,26896141.0
SD,2013,3358578500.0,0.0,35155260.0,35155260.0,5939455.0,3557970.44,3227769.59
SD,2014,3160732500.0,0.0,33682956.0,33682956.0,5669004.0,3409871.92,3093415.5100000002
SD,2015,2285034520.0,0.0,22965844.0,22965844.0,7156126.0,2139841.12,1941251.14
SD,2016,3004034720.0,601895.0,31111333.0,29391631.0,8824612.0,2949655.0,2675908.0
SD,2017,2719840840.0,382452.0,28520173.0,27427455.0,7083130.0,2758500.0,2502497.0
SD,2018,3513451680.0,236778.0,34531303.0,33854794.0,10612494.0,3219285.0,2920518.0
SD,2019,3800333700.0,593321.0,38824132.0,37008027.0,11772479.0,3625412.0,3288952.0
SD,2020,2758081488.0,768964.0,29181707.0,26858012.0,10912350.0,2603443.0,2361807.0
SD,2021,2988436884.0,843277.0,32396751.0,29773762.0,14146716.0,2776304.0,2518624.0
SD,2022,3315989926.0,1103861.0,36113473.0,32648887.0,15612551.0,3114309.0,2825260.0
SD,2023,3701578424.0,1388115.0,40173545.0,35849155.0,21531332.0,3225617.0,2926236.0
SD,2024,3839359578.0,1468469.0,41735122.0,37167960.0,22819175.0,3325000.0,3016390.0
TN,2013,37633025761.0,29141722.0,421438281.0,380738448.0,60327945.0,42017193.33,38117747.73
TN,2014,42272734205.0,33081243.0,464283478.0,414083438.0,71773913.0,45640974.51,41405220.49
TN,2015,40065296148.0,32935072.0,437833410.0,388110255.0,98508019.0,41862086.33,37977035.61
TN,2016,42626643516.0,31142547.0,467682091.0,418912653.0,120744407.0,44011505.0,39926975.0
TN,2017,38128428458.0,31073275.0,420660157.0,371694306.0,112396656.0,39453884.0,35792324.0
TN,2018,34503176283.0,27377180.0,366341834.0,327346210.0,138541674.0,32300596.0,29302908.0
TN,2019,35796830654.0,27877198.0,356984882.0,317273568.0,163130896.0,30123371.0,27327742.0
TN,2020,30030740005.0,28547494.0,305553278.0,264859078.0,149759897.0,25112527.0,22781725.0
TN,2021,32354841691.0,29856464.0,349644214.0,306961900.0,146313637.0,29880790.0,27107428.0
TN,2022,32555776368.0,27055527.0,352476286.0,313875586.0,167101288.0,29305971.0,26585960.0
TN,2023,30924926528.0,27079801.0,329182286.0,290475757.0,146645192.0,27885493.0,25297325.0
TN,2024,34039425368.0,38628125.0,367998267.0,313859319.0,174859111.0,30688011.0,27839729.0
TX,2013,354153460411.0,223699110.0,3518588982.0,3161639998.0,1982452089.0,283803219.13,257464591.33
TX,2014,353172913717.0,220073459.0,3486131354.0,3138127271.0,1970753572.0,280521719.63,254487634.63
TX,2015,359524910633.0,229183097.0,3478252698.0,3121752409.0,2172271871.0,268284496.42,243386098.6
TX,2016,347405988975.0,273869967.0,3359704068.0,2949018388.0,2074422855.0,260646666.0,236457110.0
TX,2017,339326019939.0,260038876.0,3318771883.0,2928006037.0,1917580385.0,264542284.0,239991194.0
TX,2018,351566898080.0,266793971.0,3357414336.0,2953715676.0,2192410133.0,253613119.0,230076307.0
TX,2019,347602833695.0,246291629.0,3288160129.0,2909203153.0,2311668325.0,239811910.0,217555930.0
TX,2020,325598780478.0,254953693.0,3115661599.0,2724924233.0,2258920059.0,223155695.0,202443684.0
TX,2021,322238490610.0,269977386.0,3105975231.0,2698613770.0,2157395511.0,227268660.0,206174908.0
TX,2022,341852400116.0,278055994.0,3255638359.0,2837860987.0,2341290105.0,235476473.0,213620917.0
TX,2023,354010563733.0,273275719.0,3345770425.0,2937649142.0,2548845760.0,234537011.0,212768656.0
TX,2024,358968219102.0,279023505.0,3378869071.0,2961812210.0,2639570273.0,233582146.0,211902412.0
UT,2013,41245977543.0,1424267.0,410247506.0,409924295.0,74794556.0,39350684.15,35698706.46
UT,2014,42306303880.0,2536619.0,409729259.0,406785524.0,83987415.0,38805901.95,35204483.26
UT,2015,40330737822.0,2720230.0,392864027.0,388039618.0,82422704.0,37134501.03,33688198.29
UT,2016,35157145897.0,4883657.0,334720821.0,329496616.0,82122458.0,31134428.0,28244970.0
UT,2017,32780574407.0,3301445.0,320458777.0,317411118.0,64157450.0,30531101.0,27697637.0
UT,2018,35118903978.0,1351956.0,337868853.0,337206812.0,83004756.0,31464085.0,28544033.0
UT,2019,34960469260.0,1327920.0,338160617.0,336310159.0,88568681.0,31212991.0,28316236.0
UT,2020,32682388019.0,1341850.0,316667273.0,315045701.0,86597131.0,28987618.0,26297159.0
UT,2021,37519676437.0,1516690.0,357364870.0,355364683.0,95873202.0,32749350.0,29709743.0
UT,2022,33991474519.0,698269.0,321440978.0,319597969.0,96506967.0,28948341.0,26261522.0
UT,2023,27921786525.0,434223.0,263388255.0,262705733.0,98036072.0,22729511.0,20619894.0
UT,2024,28091416406.0,482603.0,268710308.0,268027583.0,98882830.0,23280891.0,21120098.0
VA,2013,45093870018.0,31328396.0,464903667.0,414199223.0,195009598.0,38234877.71,34686453.480000004
VA,2014,43924996429.0,27540889.0,451883842.0,407826632.0,184776647.0,37184773.57,33733805.29
VA,2015,52565429804.0,28343986.0,506716482.0,459896819.0,275658486.0,38468038.84,34897975.83
VA,2016,58882178790.0,23491076.0,547793784.0,507154948.0,327776780.0,40306873.0,36566152.0
VA,2017,56124788123.0,20063812.0,493735563.0,459295861.0,343666334.0,34385875.0,31194661.0
VA,2018,61338685155.0,23262208.0,546247706.0,505810997.0,393622686.0,36931401.0,33503949.0
VA,2019,62676342981.0,21850908.0,530639826.0,493121493.0,442330345.0,33030555.0,29965120.0
VA,2020,67629735694.0,20668894.0,570175820.0,534614606.0,485120714.0,35060983.0,31806827.0
VA,2021,58159790345.0,21001675.0,492160288.0,455981169.0,416711747.0,30396724.0,27575476.0
VA,2022,53750721221.0,21065529.0,461214961.0,423258589.0,382620844.0,28762331.0,26092777.0
VA,2023,53023905444.0,23751744.0,450169881.0,409266061.0,396805188.0,27102675.0,24587170.0
VA,2024,63953800016.0,22976997.0,536076309.0,496896399.0,473707674.0,32451109.0,29439188.0
VT,2013,8132591.0,0.0,205910.0,205910.0,70340.0,16130.880000000001,14633.82
VT,2014,7937577.0,0.0,192399.0,192399.0,61675.0,15194.09,13784.0
VT,2015,4549220.0,24920.0,154332.0,71268.0,51822.0,12218.2,11084.29
VT,2016,5982171.0,71032.0,179637.0,86175.0,102423.0,12704.0,11526.0
VT,2017,8940162.0,65348.0,231531.0,145546.0,108297.0,16913.0,15343.0
VT,2018,4928243.0,65006.0,162082.0,76546.0,106030.0,10997.0,9976.0
VT,2019,2879685.0,59900.0,118298.0,39483.0,98953.0,7423.0,6733.0
VT,2020,3778016.0,67789.0,141311.0,52117.0,112136.0,9048.0,8209.0
VT,2021,4938896.0,79066.0,179959.0,75925.0,129364.0,11890.0,10786.0
VT,2022,6763800.0,62484.0,199676.0,117461.0,112717.0,14055.0,12751.0
VT,2023,3874341.0,74466.0,154540.0,56560.0,111873.0,10199.0,9254.0
VT,2024,4152164.0,39900.0,130291.0,77790.0,74131.0,9161.0,8311.0
WA,2013,18325989961.0,8183402.0,174029410.0,161743529.0,98282387.0,13825652.74,12542549.92
WA,2014,17935005307.0,7830996.0,172031746.0,159749680.0,93620676.0,13761477.879999999,12484330.83
WA,2015,18229630733.0,5870089.0,169943412.0,160758572.0,105410928.0,12771519.43,11586246.459999999
WA,2016,15728425760.0,9865055.0,152310501.0,137829319.0,92563196.0,11275363.0,10228942.0
WA,2017,16477763854.0,9912918.0,160658198.0,146197180.0,92670222.0,12133829.0,11007738.0
WA,2018,16064885395.0,8095375.0,154564713.0,142650197.0,87036304.0,11751453.0,10660849.0
WA,2019,23039665615.0,9053334.0,214345541.0,200516531.0,125418454.0,16124217.0,14627792.0
WA,2020,19328448237.0,9744609.0,181679513.0,166625671.0,113958084.0,13226709.0,11999083.0
WA,2021,19873416086.0,10609516.0,180059550.0,163565081.0,131484941.0,12178792.0,11048427.0
WA,2022,18248295717.0,10145313.0,168132389.0,152481123.0,115967464.0,11890228.0,10786642.0
WA,2023,23718936516.0,9039320.0,216989170.0,202635615.0,154815366.0,15072904.0,13673931.0
WA,2024,21119893670.0,10095169.0,190433710.0,174834966.0,142088690.0,12798157.0,11610306.0
WI,2013,49097382405.0,22877627.0,525677338.0,492360272.0,95875317.0,52564358.17,47686072.86
WI,2014,45863012811.0,23088201.0,486316133.0,451221372.0,94309173.0,48236548.32,43759909.58
WI,2015,50831617220.0,19751162.0,518402814.0,487856064.0,133996216.0,49818121.910000004,45194703.76
WI,2016,49015846080.0,19307853.0,491354925.0,460212065.0,153685316.0,45099383.0,40913887.0
WI,2017,49684309027.0,19526146.0,510921183.0,480268739.0,145790319.0,47281768.0,42893743.0
WI,2018,50289594248.0,20177627.0,509851136.0,478295744.0,169509712.0,46053235.0,41779222.0
WI,2019,46847825329.0,20047733.0,449815313.0,417980005.0,184798641.0,38778007.0,35179175.0
WI,2020,45902145731.0,18520521.0,435491251.0,405668772.0,195561423.0,36567175.0,33173222.0
WI,2021,49142415273.0,16729709.0,465733134.0,438224256.0,187760360.0,40132910.0,36408010.0
WI,2022,45410041470.0,15608106.0,433269007.0,407337756.0,207825823.0,36351811.0,32977847.0
WI,2023,46907178043.0,14163000.0,434562357.0,410933413.0,218516487.0,35988945.0,32648651.0
WI,2024,47112033788.0,14940038.0,433529646.0,409232673.0,223489266.0,35643126.0,32334936.0
WV,2013,72703828492.0,5353891.0,739654226.0,729336053.0,33634309.0,75906424.5,68861856.6
WV,2014,78330726732.0,5203804.0,792000933.0,782916845.0,39352411.0,81135464.48,73605610.52
WV,2015,69499937096.0,5621425.0,716653500.0,705985057.0,42144746.0,73049249.22,66269844.19
WV,2016,72860196412.0,5691533.0,740877898.0,732970449.0,44338601.0,75477711.0,68472932.0
WV,2017,69995516715.0,6399598.0,705475782.0,696722541.0,46809092.0,71636143.0,64987884.0
WV,2018,63618110843.0,5398780.0,653606972.0,645999130.0,43265581.0,66362278.0,60203463.0
WV,2019,60553368557.0,5079967.0,620275302.0,613075103.0,47790382.0,62636274.0,56823254.0
WV,2020,53135478526.0,4456754.0,544985614.0,539482586.0,49586062.0,54583717.0,49517575.0
WV,2021,62460462618.0,4108642.0,633170175.0,628220004.0,51409655.0,63755966.0,57838507.0
WV,2022,52978341971.0,3140831.0,550907227.0,547123094.0,43586749.0,55529883.0,50375921.0
WV,2023,48640053295.0,3833896.0,508617774.0,503998620.0,57201896.0,50423038.0,45743064.0
WV,2024,47004911176.0,4309933.0,489779048.0,484586359.0,56843497.0,48464799.0,43966578.0
WY,2013,46988423284.0,16485174.0,527053266.0,496611942.0,39518187.0,55871856.1,50686615.4
WY,2014,44010895665.0,14427386.0,492455551.0,465119009.0,38246417.0,52179312.04,47336761.339999996
WY,2015,43858392125.0,14873309.0,494822363.0,466646092.0,40142322.0,52332292.230000004,47475544.08
WY,2016,40870652087.0,21326643.0,461448420.0,432935008.0,39454763.0,48690385.0,44171630.0
WY,2017,40891401367.0,20937482.0,462694723.0,434571759.0,40335734.0,48801581.0,44272504.0
WY,2018,40615544985.0,20703158.0,460840091.0,432916737.0,41669131.0,48516577.0,44013946.0
WY,2019,36448811655.0,20175100.0,415202839.0,388724604.0,39377601.0,43209214.0,39199140.0
WY,2020,34777534933.0,18732747.0,401487235.0,376793760.0,41427014.0,41398357.0,37556002.0
WY,2021,33599160698.0,20299629.0,392010050.0,365444464.0,40530300.0,40455771.0,36700905.0
WY,2022,35232180514.0,21794091.0,408573656.0,380053297.0,44369006.0,42570347.0,38619211.0
WY,2023,33017193130.0,20043544.0,390089911.0,363900183.0,48643729.0,40322739.0,36580219.0
WY,2024,29853485892.0,20151964.0,358647422.0,332301988.0,79905387.0,35169356.0,31905141.0
